id,student_id,class_id,comment,status,year,term,created_at,updated_at
1,1008,14,,enrolled,2026,fall,2025-12-29 07:31:32,2025-12-29 07:31:43
2,1008,15,,enrolled,2026,fall,2025-12-29 07:31:32,2025-12-29 07:31:43
3,1008,34,,enrolled,2026,fall,2025-12-29 07:31:32,2025-12-29 07:31:43
4,1003,50,,enrolled,2025,fall,2025-12-29 16:38:56,2025-12-29 16:38:56
5,1003,20,,enrolled,2025,fall,2025-12-29 16:38:56,2025-12-29 16:38:56
6,1003,52,,enrolled,2025,fall,2025-12-29 16:38:56,2025-12-29 16:38:56
7,950,35,,enrolled,2025,fall,2025-12-29 16:38:56,2025-12-29 16:38:56
8,950,20,,enrolled,2025,fall,2025-12-29 16:38:56,2025-12-29 16:38:56
9,950,70,,enrolled,2025,fall,2025-12-29 16:38:56,2025-12-29 16:38:56
10,943,23,,enrolled,2025,fall,2025-12-29 16:38:56,2025-12-29 16:38:56
11,943,36,,enrolled,2025,fall,2025-12-29 16:38:56,2025-12-29 16:38:56
12,943,47,,enrolled,2025,fall,2025-12-29 16:38:56,2025-12-29 16:38:56
13,892,11,,enrolled,2025,fall,2025-12-29 16:38:56,2025-12-29 16:38:56
14,892,63,,enrolled,2025,fall,2025-12-29 16:38:56,2025-12-29 16:38:56
15,892,47,,enrolled,2025,fall,2025-12-29 16:38:56,2025-12-29 16:38:56
16,994,35,,enrolled,2025,fall,2025-12-29 16:38:56,2025-12-29 16:38:56
17,994,24,,enrolled,2025,fall,2025-12-29 16:38:56,2025-12-29 16:38:56
18,994,47,,enrolled,2025,fall,2025-12-29 16:38:56,2025-12-29 16:38:56
19,1014,14,,enrolled,2025,fall,2025-12-29 16:38:56,2025-12-29 16:38:56
20,1014,15,,enrolled,2025,fall,2025-12-29 16:38:56,2025-12-29 16:38:56
21,1014,37,,enrolled,2025,fall,2025-12-29 16:38:56,2025-12-29 16:38:56
22,893,35,,enrolled,2025,fall,2025-12-29 16:38:56,2025-12-29 16:38:56
23,893,63,,enrolled,2025,fall,2025-12-29 16:38:56,2025-12-29 16:38:56
24,893,25,,enrolled,2025,fall,2025-12-29 16:38:56,2025-12-29 16:38:56
25,1019,14,,enrolled,2025,fall,2025-12-29 16:38:56,2025-12-29 16:38:56
26,1019,15,,enrolled,2025,fall,2025-12-29 16:38:56,2025-12-29 16:38:56
27,1019,25,,enrolled,2025,fall,2025-12-29 16:38:56,2025-12-29 16:38:56
28,1015,14,,enrolled,2025,fall,2025-12-29 16:38:56,2025-12-29 16:38:56
29,1015,15,,enrolled,2025,fall,2025-12-29 16:38:56,2025-12-29 16:38:56
30,1015,47,,enrolled,2025,fall,2025-12-29 16:38:56,2025-12-29 16:38:56
31,1018,14,,enrolled,2025,fall,2025-12-29 16:38:56,2025-12-29 16:38:56
32,1018,15,,enrolled,2025,fall,2025-12-29 16:38:56,2025-12-29 16:38:56
33,1018,25,,enrolled,2025,fall,2025-12-29 16:38:56,2025-12-29 16:38:56
34,909,14,,enrolled,2025,fall,2025-12-29 16:38:56,2025-12-29 16:38:56
35,909,15,,enrolled,2025,fall,2025-12-29 16:38:56,2025-12-29 16:38:56
36,909,64,,enrolled,2025,fall,2025-12-29 16:38:56,2025-12-29 16:38:56
37,1119,21,,enrolled,2025,fall,2025-12-29 16:38:56,2025-12-29 16:38:56
38,1119,36,,enrolled,2025,fall,2025-12-29 16:38:56,2025-12-29 16:38:56
39,1119,25,,enrolled,2025,fall,2025-12-29 16:38:56,2025-12-29 16:38:56
40,912,35,,enrolled,2025,fall,2025-12-29 16:38:56,2025-12-29 16:38:56
41,912,20,,enrolled,2025,fall,2025-12-29 16:38:56,2025-12-29 16:38:56
42,912,52,,enrolled,2025,fall,2025-12-29 16:38:56,2025-12-29 16:38:56
43,1016,14,,enrolled,2025,fall,2025-12-29 16:38:56,2025-12-29 16:38:56
44,1016,15,,enrolled,2025,fall,2025-12-29 16:38:56,2025-12-29 16:38:56
45,1016,37,,enrolled,2025,fall,2025-12-29 16:38:56,2025-12-29 16:38:56
46,896,23,,enrolled,2025,fall,2025-12-29 16:38:56,2025-12-29 16:38:56
47,896,63,,enrolled,2025,fall,2025-12-29 16:38:56,2025-12-29 16:38:56
48,896,47,,enrolled,2025,fall,2025-12-29 16:38:56,2025-12-29 16:38:56
49,955,68,,enrolled,2025,fall,2025-12-29 16:38:56,2025-12-29 16:38:56
50,955,12,,enrolled,2025,fall,2025-12-29 16:38:56,2025-12-29 16:38:56
51,955,37,,enrolled,2025,fall,2025-12-29 16:38:56,2025-12-29 16:38:56
52,894,23,,enrolled,2025,fall,2025-12-29 16:38:56,2025-12-29 16:38:56
53,894,63,,enrolled,2025,fall,2025-12-29 16:38:56,2025-12-29 16:38:56
54,894,70,,enrolled,2025,fall,2025-12-29 16:38:56,2025-12-29 16:38:56
55,1056,35,,enrolled,2025,fall,2025-12-29 16:38:56,2025-12-29 16:38:56
56,1056,63,,enrolled,2025,fall,2025-12-29 16:38:56,2025-12-29 16:38:56
57,1056,22,,enrolled,2025,fall,2025-12-29 16:38:56,2025-12-29 16:38:56
58,1012,14,,enrolled,2025,fall,2025-12-29 16:38:56,2025-12-29 16:38:56
59,1012,15,,enrolled,2025,fall,2025-12-29 16:38:56,2025-12-29 16:38:56
60,1012,25,,enrolled,2025,fall,2025-12-29 16:38:56,2025-12-29 16:38:56
61,906,21,,enrolled,2025,fall,2025-12-29 16:38:56,2025-12-29 16:38:56
62,906,36,,enrolled,2025,fall,2025-12-29 16:38:56,2025-12-29 16:38:56
63,906,64,,enrolled,2025,fall,2025-12-29 16:38:56,2025-12-29 16:38:56
64,1010,35,,enrolled,2025,fall,2025-12-29 16:38:56,2025-12-29 16:38:56
65,1010,12,,enrolled,2025,fall,2025-12-29 16:38:56,2025-12-29 16:38:56
66,1010,64,,enrolled,2025,fall,2025-12-29 16:38:56,2025-12-29 16:38:56
67,1075,44,,enrolled,2025,fall,2025-12-29 16:38:56,2025-12-29 16:38:56
68,1075,45,,enrolled,2025,fall,2025-12-29 16:38:56,2025-12-29 16:38:56
69,898,21,,enrolled,2025,fall,2025-12-29 16:38:56,2025-12-29 16:38:56
70,898,63,,enrolled,2025,fall,2025-12-29 16:38:56,2025-12-29 16:38:56
71,898,47,,enrolled,2025,fall,2025-12-29 16:38:56,2025-12-29 16:38:56
72,975,11,,enrolled,2025,fall,2025-12-29 16:38:56,2025-12-29 16:38:56
73,975,33,,enrolled,2025,fall,2025-12-29 16:38:56,2025-12-29 16:38:56
74,975,37,,enrolled,2025,fall,2025-12-29 16:38:56,2025-12-29 16:38:56
75,1017,14,,enrolled,2025,fall,2025-12-29 16:38:56,2025-12-29 16:38:56
76,1017,15,,enrolled,2025,fall,2025-12-29 16:38:56,2025-12-29 16:38:56
77,1017,64,,enrolled,2025,fall,2025-12-29 16:38:56,2025-12-29 16:38:56
79,958,52,,enrolled,2025,fall,2025-12-29 16:38:56,2025-12-29 16:38:56
80,931,35,,enrolled,2025,fall,2025-12-29 16:38:56,2025-12-29 16:38:56
81,931,18,,enrolled,2025,fall,2025-12-29 16:38:56,2025-12-29 16:38:56
82,931,47,,enrolled,2025,fall,2025-12-29 16:38:56,2025-12-29 16:38:56
83,983,29,,enrolled,2025,fall,2025-12-29 16:38:56,2025-12-29 16:38:56
84,983,27,,enrolled,2025,fall,2025-12-29 16:38:56,2025-12-29 16:38:56
85,983,47,,enrolled,2025,fall,2025-12-29 16:38:56,2025-12-29 16:38:56
86,883,11,,enrolled,2025,fall,2025-12-29 16:38:56,2025-12-29 16:38:56
87,883,57,,enrolled,2025,fall,2025-12-29 16:38:56,2025-12-29 16:38:56
88,883,37,,enrolled,2025,fall,2025-12-29 16:38:56,2025-12-29 16:38:56
89,960,35,,enrolled,2025,fall,2025-12-29 16:38:56,2025-12-29 16:38:56
90,960,12,,enrolled,2025,fall,2025-12-29 16:38:56,2025-12-29 16:38:56
91,960,25,,enrolled,2025,fall,2025-12-29 16:38:56,2025-12-29 16:38:56
92,963,11,,enrolled,2025,fall,2025-12-29 16:38:56,2025-12-29 16:38:56
93,963,69,,enrolled,2025,fall,2025-12-29 16:38:56,2025-12-29 16:38:56
94,963,37,,enrolled,2025,fall,2025-12-29 16:38:56,2025-12-29 16:38:56
95,964,62,,enrolled,2025,fall,2025-12-29 16:38:56,2025-12-29 16:38:56
96,964,69,,enrolled,2025,fall,2025-12-29 16:38:56,2025-12-29 16:38:56
97,964,13,,enrolled,2025,fall,2025-12-29 16:38:56,2025-12-29 16:38:56
98,995,17,,enrolled,2025,fall,2025-12-29 16:38:56,2025-12-29 16:38:56
99,995,24,,enrolled,2025,fall,2025-12-29 16:38:56,2025-12-29 16:38:56
100,995,37,,enrolled,2025,fall,2025-12-29 16:38:56,2025-12-29 16:38:56
101,941,62,,enrolled,2025,fall,2025-12-29 16:38:56,2025-12-29 16:38:56
102,941,36,,enrolled,2025,fall,2025-12-29 16:38:56,2025-12-29 16:38:56
103,941,19,,enrolled,2025,fall,2025-12-29 16:38:56,2025-12-29 16:38:56
104,945,29,,enrolled,2025,fall,2025-12-29 16:38:56,2025-12-29 16:38:56
105,945,36,,enrolled,2025,fall,2025-12-29 16:38:56,2025-12-29 16:38:56
106,945,19,,enrolled,2025,fall,2025-12-29 16:38:56,2025-12-29 16:38:56
107,944,29,,enrolled,2025,fall,2025-12-29 16:38:56,2025-12-29 16:38:56
108,944,63,,enrolled,2025,fall,2025-12-29 16:38:56,2025-12-29 16:38:56
109,944,37,,enrolled,2025,fall,2025-12-29 16:38:56,2025-12-29 16:38:56
110,895,29,,enrolled,2025,fall,2025-12-29 16:38:56,2025-12-29 16:38:56
111,895,36,,enrolled,2025,fall,2025-12-29 16:38:56,2025-12-29 16:38:56
112,895,64,,enrolled,2025,fall,2025-12-29 16:38:56,2025-12-29 16:38:56
113,947,11,,enrolled,2025,fall,2025-12-29 16:38:56,2025-12-29 16:38:56
114,947,36,,enrolled,2025,fall,2025-12-29 16:38:56,2025-12-29 16:38:56
115,947,47,,enrolled,2025,fall,2025-12-29 16:38:56,2025-12-29 16:38:56
116,989,35,,enrolled,2025,fall,2025-12-29 16:38:56,2025-12-29 16:38:56
117,989,20,,enrolled,2025,fall,2025-12-29 16:38:56,2025-12-29 16:38:56
118,989,47,,enrolled,2025,fall,2025-12-29 16:38:56,2025-12-29 16:38:56
119,919,11,,enrolled,2025,fall,2025-12-29 16:38:56,2025-12-29 16:38:56
120,919,36,,enrolled,2025,fall,2025-12-29 16:38:56,2025-12-29 16:38:56
121,919,58,,enrolled,2025,fall,2025-12-29 16:38:56,2025-12-29 16:38:56
122,991,35,,enrolled,2025,fall,2025-12-29 16:38:56,2025-12-29 16:38:56
123,991,24,,enrolled,2025,fall,2025-12-29 16:38:56,2025-12-29 16:38:56
124,991,19,,enrolled,2025,fall,2025-12-29 16:38:56,2025-12-29 16:38:56
125,948,29,,enrolled,2025,fall,2025-12-29 16:38:56,2025-12-29 16:38:56
126,948,69,,enrolled,2025,fall,2025-12-29 16:38:56,2025-12-29 16:38:56
127,948,64,,enrolled,2025,fall,2025-12-29 16:38:56,2025-12-29 16:38:56
128,1001,23,,enrolled,2025,fall,2025-12-29 16:38:56,2025-12-29 16:38:56
129,1001,18,,enrolled,2025,fall,2025-12-29 16:38:56,2025-12-29 16:38:56
130,1001,37,,enrolled,2025,fall,2025-12-29 16:38:56,2025-12-29 16:38:56
131,942,62,,enrolled,2025,fall,2025-12-29 16:38:56,2025-12-29 16:38:56
132,942,36,,enrolled,2025,fall,2025-12-29 16:38:56,2025-12-29 16:38:56
133,942,13,,enrolled,2025,fall,2025-12-29 16:38:56,2025-12-29 16:38:56
134,852,11,,enrolled,2025,fall,2025-12-29 16:38:56,2025-12-29 16:38:56
135,852,33,,enrolled,2025,fall,2025-12-29 16:38:56,2025-12-29 16:38:56
136,852,37,,enrolled,2025,fall,2025-12-29 16:38:56,2025-12-29 16:38:56
137,855,50,,enrolled,2025,fall,2025-12-29 16:38:56,2025-12-29 16:38:56
138,855,33,,enrolled,2025,fall,2025-12-29 16:38:56,2025-12-29 16:38:56
139,855,13,,enrolled,2025,fall,2025-12-29 16:38:56,2025-12-29 16:38:56
140,890,21,,enrolled,2025,fall,2025-12-29 16:38:56,2025-12-29 16:38:56
141,890,69,,enrolled,2025,fall,2025-12-29 16:38:56,2025-12-29 16:38:56
142,890,37,,enrolled,2025,fall,2025-12-29 16:38:56,2025-12-29 16:38:56
143,937,62,,enrolled,2025,fall,2025-12-29 16:38:56,2025-12-29 16:38:56
144,937,27,,enrolled,2025,fall,2025-12-29 16:38:56,2025-12-29 16:38:56
145,937,70,,enrolled,2025,fall,2025-12-29 16:38:56,2025-12-29 16:38:56
146,953,29,,enrolled,2025,fall,2025-12-29 16:38:56,2025-12-29 16:38:56
147,953,39,,enrolled,2025,fall,2025-12-29 16:38:56,2025-12-29 16:38:56
148,953,64,,enrolled,2025,fall,2025-12-29 16:38:56,2025-12-29 16:38:56
149,899,38,,enrolled,2025,fall,2025-12-29 16:38:56,2025-12-29 16:38:56
150,899,63,,enrolled,2025,fall,2025-12-29 16:38:56,2025-12-29 16:38:56
151,899,22,,enrolled,2025,fall,2025-12-29 16:38:56,2025-12-29 16:38:56
152,851,29,,enrolled,2025,fall,2025-12-29 16:38:56,2025-12-29 16:38:56
153,851,24,,enrolled,2025,fall,2025-12-29 16:38:56,2025-12-29 16:38:56
154,851,19,,enrolled,2025,fall,2025-12-29 16:38:56,2025-12-29 16:38:56
155,966,29,,enrolled,2025,fall,2025-12-29 16:38:56,2025-12-29 16:38:56
156,966,69,,enrolled,2025,fall,2025-12-29 16:38:56,2025-12-29 16:38:56
157,966,40,,enrolled,2025,fall,2025-12-29 16:38:56,2025-12-29 16:38:56
158,856,38,,enrolled,2025,fall,2025-12-29 16:38:56,2025-12-29 16:38:56
159,856,45,,enrolled,2025,fall,2025-12-29 16:38:56,2025-12-29 16:38:56
160,856,13,,enrolled,2025,fall,2025-12-29 16:38:56,2025-12-29 16:38:56
161,856,38,,enrolled,2025,fall,2025-12-29 16:38:56,2025-12-29 16:38:56
162,856,33,,enrolled,2025,fall,2025-12-29 16:38:56,2025-12-29 16:38:56
163,856,28,,enrolled,2025,fall,2025-12-29 16:38:56,2025-12-29 16:38:56
164,1000,59,,enrolled,2025,fall,2025-12-29 16:38:56,2025-12-29 16:38:56
165,1000,18,,enrolled,2025,fall,2025-12-29 16:38:56,2025-12-29 16:38:56
166,1000,58,,enrolled,2025,fall,2025-12-29 16:38:56,2025-12-29 16:38:56
167,867,11,,enrolled,2025,fall,2025-12-29 16:38:56,2025-12-29 16:38:56
168,867,51,,enrolled,2025,fall,2025-12-29 16:38:56,2025-12-29 16:38:56
169,867,40,,enrolled,2025,fall,2025-12-29 16:38:56,2025-12-29 16:38:56
170,1006,38,,enrolled,2025,fall,2025-12-29 16:38:56,2025-12-29 16:38:56
171,1006,12,,enrolled,2025,fall,2025-12-29 16:38:56,2025-12-29 16:38:56
172,1006,61,,enrolled,2025,fall,2025-12-29 16:38:56,2025-12-29 16:38:56
173,909,17,,enrolled,2025,fall,2025-12-29 16:38:56,2025-12-29 16:38:56
174,909,24,,enrolled,2025,fall,2025-12-29 16:38:56,2025-12-29 16:38:56
175,909,70,,enrolled,2025,fall,2025-12-29 16:38:56,2025-12-29 16:38:56
176,849,44,,enrolled,2025,fall,2025-12-29 16:38:56,2025-12-29 16:38:56
177,849,33,,enrolled,2025,fall,2025-12-29 16:38:56,2025-12-29 16:38:56
178,849,40,,enrolled,2025,fall,2025-12-29 16:38:56,2025-12-29 16:38:56
179,882,38,,enrolled,2025,fall,2025-12-29 16:38:56,2025-12-29 16:38:56
180,882,45,,enrolled,2025,fall,2025-12-29 16:38:56,2025-12-29 16:38:56
181,882,64,,enrolled,2025,fall,2025-12-29 16:38:56,2025-12-29 16:38:56
182,853,62,,enrolled,2025,fall,2025-12-29 16:38:56,2025-12-29 16:38:56
183,853,33,,enrolled,2025,fall,2025-12-29 16:38:56,2025-12-29 16:38:56
184,853,19,,enrolled,2025,fall,2025-12-29 16:38:56,2025-12-29 16:38:56
185,850,62,,enrolled,2025,fall,2025-12-29 16:38:56,2025-12-29 16:38:56
186,850,33,,enrolled,2025,fall,2025-12-29 16:38:56,2025-12-29 16:38:56
187,850,19,,enrolled,2025,fall,2025-12-29 16:38:56,2025-12-29 16:38:56
188,854,26,,enrolled,2025,fall,2025-12-29 16:38:56,2025-12-29 16:38:56
189,854,33,,enrolled,2025,fall,2025-12-29 16:38:56,2025-12-29 16:38:56
190,854,61,,enrolled,2025,fall,2025-12-29 16:38:56,2025-12-29 16:38:56
191,955,62,,enrolled,2025,fall,2025-12-29 16:38:56,2025-12-29 16:38:56
192,955,39,,enrolled,2025,fall,2025-12-29 16:38:56,2025-12-29 16:38:56
193,955,46,,enrolled,2025,fall,2025-12-29 16:38:56,2025-12-29 16:38:56
194,986,38,,enrolled,2025,fall,2025-12-29 16:38:56,2025-12-29 16:38:56
195,986,27,,enrolled,2025,fall,2025-12-29 16:38:56,2025-12-29 16:38:56
196,986,47,,enrolled,2025,fall,2025-12-29 16:38:56,2025-12-29 16:38:56
197,952,11,,enrolled,2025,fall,2025-12-29 16:38:56,2025-12-29 16:38:56
198,952,39,,enrolled,2025,fall,2025-12-29 16:38:56,2025-12-29 16:38:56
199,952,70,,enrolled,2025,fall,2025-12-29 16:38:56,2025-12-29 16:38:56
200,859,62,,enrolled,2025,fall,2025-12-29 16:38:56,2025-12-29 16:38:56
201,859,39,,enrolled,2025,fall,2025-12-29 16:38:56,2025-12-29 16:38:56
202,859,22,,enrolled,2025,fall,2025-12-29 16:38:56,2025-12-29 16:38:56
203,1131,21,,enrolled,2025,fall,2025-12-29 16:38:56,2025-12-29 16:38:56
204,1131,45,,enrolled,2025,fall,2025-12-29 16:38:56,2025-12-29 16:38:56
205,1131,40,,enrolled,2025,fall,2025-12-29 16:38:56,2025-12-29 16:38:56
206,884,50,,enrolled,2025,fall,2025-12-29 16:38:56,2025-12-29 16:38:56
207,884,45,,enrolled,2025,fall,2025-12-29 16:38:56,2025-12-29 16:38:56
208,884,40,,enrolled,2025,fall,2025-12-29 16:38:56,2025-12-29 16:38:56
209,892,48,,enrolled,2025,fall,2025-12-29 16:38:56,2025-12-29 16:38:56
210,892,30,,enrolled,2025,fall,2025-12-29 16:38:56,2025-12-29 16:38:56
211,892,67,,enrolled,2025,fall,2025-12-29 16:38:56,2025-12-29 16:38:56
212,958,39,,enrolled,2025,fall,2025-12-29 16:38:56,2025-12-29 16:38:56
213,958,61,,enrolled,2025,fall,2025-12-29 16:38:56,2025-12-29 16:38:56
214,868,44,,enrolled,2025,fall,2025-12-29 16:38:56,2025-12-29 16:38:56
215,868,49,,enrolled,2025,fall,2025-12-29 16:38:56,2025-12-29 16:38:56
216,868,67,,enrolled,2025,fall,2025-12-29 16:38:56,2025-12-29 16:38:56
217,878,23,,enrolled,2025,fall,2025-12-29 16:38:56,2025-12-29 16:38:56
218,878,51,,enrolled,2025,fall,2025-12-29 16:38:56,2025-12-29 16:38:56
219,878,40,,enrolled,2025,fall,2025-12-29 16:38:56,2025-12-29 16:38:56
220,965,48,,enrolled,2025,fall,2025-12-29 16:38:56,2025-12-29 16:38:56
221,965,69,,enrolled,2025,fall,2025-12-29 16:38:56,2025-12-29 16:38:56
222,965,22,,enrolled,2025,fall,2025-12-29 16:38:56,2025-12-29 16:38:56
223,866,68,,enrolled,2025,fall,2025-12-29 16:38:56,2025-12-29 16:38:56
224,866,49,,enrolled,2025,fall,2025-12-29 16:38:56,2025-12-29 16:38:56
225,866,46,,enrolled,2025,fall,2025-12-29 16:38:56,2025-12-29 16:38:56
226,992,48,,enrolled,2025,fall,2025-12-29 16:38:56,2025-12-29 16:38:56
227,992,24,,enrolled,2025,fall,2025-12-29 16:38:56,2025-12-29 16:38:56
228,992,19,,enrolled,2025,fall,2025-12-29 16:38:56,2025-12-29 16:38:56
229,893,48,,enrolled,2025,fall,2025-12-29 16:38:56,2025-12-29 16:38:56
230,893,24,,enrolled,2025,fall,2025-12-29 16:38:56,2025-12-29 16:38:56
231,893,46,,enrolled,2025,fall,2025-12-29 16:38:56,2025-12-29 16:38:56
232,871,48,,enrolled,2025,fall,2025-12-29 16:38:56,2025-12-29 16:38:56
233,871,69,,enrolled,2025,fall,2025-12-29 16:38:56,2025-12-29 16:38:56
234,871,22,,enrolled,2025,fall,2025-12-29 16:38:56,2025-12-29 16:38:56
235,941,44,,enrolled,2025,fall,2025-12-29 16:38:56,2025-12-29 16:38:56
236,941,39,,enrolled,2025,fall,2025-12-29 16:38:56,2025-12-29 16:38:56
237,941,28,,enrolled,2025,fall,2025-12-29 16:38:56,2025-12-29 16:38:56
238,1005,68,,enrolled,2025,fall,2025-12-29 16:38:56,2025-12-29 16:38:56
239,1005,12,,enrolled,2025,fall,2025-12-29 16:38:56,2025-12-29 16:38:56
240,1005,61,,enrolled,2025,fall,2025-12-29 16:38:56,2025-12-29 16:38:56
241,947,26,,enrolled,2025,fall,2025-12-29 16:38:56,2025-12-29 16:38:56
242,947,39,,enrolled,2025,fall,2025-12-29 16:38:56,2025-12-29 16:38:56
243,1119,17,,enrolled,2025,fall,2025-12-29 16:38:56,2025-12-29 16:38:56
244,1119,49,,enrolled,2025,fall,2025-12-29 16:38:56,2025-12-29 16:38:56
245,1119,67,,enrolled,2025,fall,2025-12-29 16:38:56,2025-12-29 16:38:56
246,874,23,,enrolled,2025,fall,2025-12-29 16:38:56,2025-12-29 16:38:56
247,874,49,,enrolled,2025,fall,2025-12-29 16:38:56,2025-12-29 16:38:56
248,874,70,,enrolled,2025,fall,2025-12-29 16:38:56,2025-12-29 16:38:56
249,860,32,,enrolled,2025,fall,2025-12-29 16:38:56,2025-12-29 16:38:56
250,860,30,,enrolled,2025,fall,2025-12-29 16:38:56,2025-12-29 16:38:56
251,860,40,,enrolled,2025,fall,2025-12-29 16:38:56,2025-12-29 16:38:56
252,870,17,,enrolled,2025,fall,2025-12-29 16:38:56,2025-12-29 16:38:56
253,870,49,,enrolled,2025,fall,2025-12-29 16:38:56,2025-12-29 16:38:56
254,870,67,,enrolled,2025,fall,2025-12-29 16:38:56,2025-12-29 16:38:56
255,1004,48,,enrolled,2025,fall,2025-12-29 16:38:56,2025-12-29 16:38:56
256,1004,12,,enrolled,2025,fall,2025-12-29 16:38:56,2025-12-29 16:38:56
257,1004,67,,enrolled,2025,fall,2025-12-29 16:38:56,2025-12-29 16:38:56
258,957,68,,enrolled,2025,fall,2025-12-29 16:38:56,2025-12-29 16:38:56
259,957,39,,enrolled,2025,fall,2025-12-29 16:38:56,2025-12-29 16:38:56
260,957,22,,enrolled,2025,fall,2025-12-29 16:38:56,2025-12-29 16:38:56
261,937,68,,enrolled,2025,fall,2025-12-29 16:38:56,2025-12-29 16:38:56
262,937,66,,enrolled,2025,fall,2025-12-29 16:38:56,2025-12-29 16:38:56
263,937,28,,enrolled,2025,fall,2025-12-29 16:38:56,2025-12-29 16:38:56
264,886,41,,enrolled,2025,fall,2025-12-29 16:38:56,2025-12-29 16:38:56
265,886,30,,enrolled,2025,fall,2025-12-29 16:38:56,2025-12-29 16:38:56
266,886,34,,enrolled,2025,fall,2025-12-29 16:38:56,2025-12-29 16:38:56
267,980,65,,enrolled,2025,fall,2025-12-29 16:38:56,2025-12-29 16:38:56
268,980,30,,enrolled,2025,fall,2025-12-29 16:38:56,2025-12-29 16:38:56
269,980,70,,enrolled,2025,fall,2025-12-29 16:38:56,2025-12-29 16:38:56
270,981,65,,enrolled,2025,fall,2025-12-29 16:38:56,2025-12-29 16:38:56
271,981,30,,enrolled,2025,fall,2025-12-29 16:38:56,2025-12-29 16:38:56
272,981,70,,enrolled,2025,fall,2025-12-29 16:38:56,2025-12-29 16:38:56
273,867,56,,enrolled,2025,fall,2025-12-29 16:38:56,2025-12-29 16:38:56
274,867,42,,enrolled,2025,fall,2025-12-29 16:38:56,2025-12-29 16:38:56
275,867,28,,enrolled,2025,fall,2025-12-29 16:38:56,2025-12-29 16:38:56
276,931,41,,enrolled,2025,fall,2025-12-29 16:38:56,2025-12-29 16:38:56
277,931,27,,enrolled,2025,fall,2025-12-29 16:38:56,2025-12-29 16:38:56
278,931,34,,enrolled,2025,fall,2025-12-29 16:38:56,2025-12-29 16:38:56
279,983,44,,enrolled,2025,fall,2025-12-29 16:38:56,2025-12-29 16:38:56
280,983,30,,enrolled,2025,fall,2025-12-29 16:38:56,2025-12-29 16:38:56
281,983,43,,enrolled,2025,fall,2025-12-29 16:38:56,2025-12-29 16:38:56
282,861,32,,enrolled,2025,fall,2025-12-29 16:38:56,2025-12-29 16:38:56
283,861,42,,enrolled,2025,fall,2025-12-29 16:38:56,2025-12-29 16:38:56
284,883,17,,enrolled,2025,fall,2025-12-29 16:38:56,2025-12-29 16:38:56
285,883,45,,enrolled,2025,fall,2025-12-29 16:38:56,2025-12-29 16:38:56
286,883,43,,enrolled,2025,fall,2025-12-29 16:38:56,2025-12-29 16:38:56
287,879,59,,enrolled,2025,fall,2025-12-29 16:38:56,2025-12-29 16:38:56
288,879,51,,enrolled,2025,fall,2025-12-29 16:38:56,2025-12-29 16:38:56
289,879,28,,enrolled,2025,fall,2025-12-29 16:38:56,2025-12-29 16:38:56
290,984,41,,enrolled,2025,fall,2025-12-29 16:38:56,2025-12-29 16:38:56
291,984,30,,enrolled,2025,fall,2025-12-29 16:38:56,2025-12-29 16:38:56
292,984,46,,enrolled,2025,fall,2025-12-29 16:38:56,2025-12-29 16:38:56
293,999,48,,enrolled,2025,fall,2025-12-29 16:38:56,2025-12-29 16:38:56
294,999,18,,enrolled,2025,fall,2025-12-29 16:38:56,2025-12-29 16:38:56
295,999,43,,enrolled,2025,fall,2025-12-29 16:38:56,2025-12-29 16:38:56
296,865,32,,enrolled,2025,fall,2025-12-29 16:38:56,2025-12-29 16:38:56
297,865,42,,enrolled,2025,fall,2025-12-29 16:38:56,2025-12-29 16:38:56
298,869,68,,enrolled,2025,fall,2025-12-29 16:38:56,2025-12-29 16:38:56
299,869,49,,enrolled,2025,fall,2025-12-29 16:38:56,2025-12-29 16:38:56
300,862,26,,enrolled,2025,fall,2025-12-29 16:38:56,2025-12-29 16:38:56
301,862,42,,enrolled,2025,fall,2025-12-29 16:38:56,2025-12-29 16:38:56
302,862,67,,enrolled,2025,fall,2025-12-29 16:38:56,2025-12-29 16:38:56
304,859,26,,enrolled,2025,fall,2025-12-29 16:38:56,2025-12-29 16:38:56
305,859,42,,enrolled,2025,fall,2025-12-29 16:38:56,2025-12-29 16:38:56
306,859,34,,enrolled,2025,fall,2025-12-29 16:38:56,2025-12-29 16:38:56
307,876,32,,enrolled,2025,fall,2025-12-29 16:38:56,2025-12-29 16:38:56
308,876,49,,enrolled,2025,fall,2025-12-29 16:38:56,2025-12-29 16:38:56
309,989,48,,enrolled,2025,fall,2025-12-29 16:38:56,2025-12-29 16:38:56
310,989,27,,enrolled,2025,fall,2025-12-29 16:38:56,2025-12-29 16:38:56
311,989,70,,enrolled,2025,fall,2025-12-29 16:38:56,2025-12-29 16:38:56
312,873,21,,enrolled,2025,fall,2025-12-29 16:38:56,2025-12-29 16:38:56
313,873,49,,enrolled,2025,fall,2025-12-29 16:38:56,2025-12-29 16:38:56
314,873,43,,enrolled,2025,fall,2025-12-29 16:38:56,2025-12-29 16:38:56
315,872,49,,enrolled,2025,fall,2025-12-29 16:38:56,2025-12-29 16:38:56
316,872,31,,enrolled,2025,fall,2025-12-29 16:38:56,2025-12-29 16:38:56
317,960,48,,enrolled,2025,fall,2025-12-29 16:38:56,2025-12-29 16:38:56
318,960,54,,enrolled,2025,fall,2025-12-29 16:38:56,2025-12-29 16:38:56
319,960,31,,enrolled,2025,fall,2025-12-29 16:38:56,2025-12-29 16:38:56
320,883,17,,enrolled,2025,fall,2025-12-29 16:38:56,2025-12-29 16:38:56
321,883,66,,enrolled,2025,fall,2025-12-29 16:38:56,2025-12-29 16:38:56
322,883,55,,enrolled,2025,fall,2025-12-29 16:38:56,2025-12-29 16:38:56
323,871,68,,enrolled,2025,fall,2025-12-29 16:38:56,2025-12-29 16:38:56
324,871,49,,enrolled,2025,fall,2025-12-29 16:38:56,2025-12-29 16:38:56
325,871,31,,enrolled,2025,fall,2025-12-29 16:38:56,2025-12-29 16:38:56
326,978,65,,enrolled,2025,fall,2025-12-29 16:38:56,2025-12-29 16:38:56
327,978,30,,enrolled,2025,fall,2025-12-29 16:38:56,2025-12-29 16:38:56
328,978,70,,enrolled,2025,fall,2025-12-29 16:38:56,2025-12-29 16:38:56
329,935,44,,enrolled,2025,fall,2025-12-29 16:38:56,2025-12-29 16:38:56
330,935,66,,enrolled,2025,fall,2025-12-29 16:38:56,2025-12-29 16:38:56
331,935,55,,enrolled,2025,fall,2025-12-29 16:38:56,2025-12-29 16:38:56
332,961,48,,enrolled,2025,fall,2025-12-29 16:38:56,2025-12-29 16:38:56
333,961,54,,enrolled,2025,fall,2025-12-29 16:38:56,2025-12-29 16:38:56
334,961,31,,enrolled,2025,fall,2025-12-29 16:38:56,2025-12-29 16:38:56
335,890,59,,enrolled,2025,fall,2025-12-29 16:38:56,2025-12-29 16:38:56
336,890,46,,enrolled,2025,fall,2025-12-29 16:38:56,2025-12-29 16:38:56
337,1131,21,,enrolled,2025,fall,2025-12-29 16:38:56,2025-12-29 16:38:56
338,1131,45,,enrolled,2025,fall,2025-12-29 16:38:56,2025-12-29 16:38:56
339,1131,43,,enrolled,2025,fall,2025-12-29 16:38:56,2025-12-29 16:38:56
340,966,65,,enrolled,2025,fall,2025-12-29 16:38:56,2025-12-29 16:38:56
341,966,31,,enrolled,2025,fall,2025-12-29 16:38:56,2025-12-29 16:38:56
342,936,41,,enrolled,2025,fall,2025-12-29 16:38:56,2025-12-29 16:38:56
343,936,66,,enrolled,2025,fall,2025-12-29 16:38:56,2025-12-29 16:38:56
344,936,31,,enrolled,2025,fall,2025-12-29 16:38:56,2025-12-29 16:38:56
345,1132,59,,enrolled,2025,fall,2025-12-29 16:38:56,2025-12-29 16:38:56
346,1132,51,,enrolled,2025,fall,2025-12-29 16:38:56,2025-12-29 16:38:56
347,889,41,,enrolled,2025,fall,2025-12-29 16:38:56,2025-12-29 16:38:56
348,889,60,,enrolled,2025,fall,2025-12-29 16:38:56,2025-12-29 16:38:56
349,860,53,,enrolled,2025,fall,2025-12-29 16:38:56,2025-12-29 16:38:56
350,860,42,,enrolled,2025,fall,2025-12-29 16:38:56,2025-12-29 16:38:56
351,860,31,,enrolled,2025,fall,2025-12-29 16:38:56,2025-12-29 16:38:56
352,863,41,,enrolled,2025,fall,2025-12-29 16:38:56,2025-12-29 16:38:56
353,863,66,,enrolled,2025,fall,2025-12-29 16:38:56,2025-12-29 16:38:56
354,863,31,,enrolled,2025,fall,2025-12-29 16:38:56,2025-12-29 16:38:56
356,891,60,,enrolled,2025,fall,2025-12-29 16:38:56,2025-12-29 16:38:56
357,891,31,,enrolled,2025,fall,2025-12-29 16:38:56,2025-12-29 16:38:56
358,876,69,,enrolled,2025,fall,2025-12-29 16:38:56,2025-12-29 16:38:56
359,864,68,,enrolled,2025,fall,2025-12-29 16:38:56,2025-12-29 16:38:56
360,864,42,,enrolled,2025,fall,2025-12-29 16:38:56,2025-12-29 16:38:56
361,974,56,,enrolled,2025,fall,2025-12-29 16:38:56,2025-12-29 16:38:56
362,974,57,,enrolled,2025,fall,2025-12-29 16:38:56,2025-12-29 16:38:56
363,974,46,,enrolled,2025,fall,2025-12-29 16:38:56,2025-12-29 16:38:56
364,886,53,,enrolled,2025,fall,2025-12-29 16:38:56,2025-12-29 16:38:56
365,886,45,,enrolled,2025,fall,2025-12-29 16:38:56,2025-12-29 16:38:56
366,886,31,,enrolled,2025,fall,2025-12-29 16:38:56,2025-12-29 16:38:56
367,866,32,,enrolled,2025,fall,2025-12-29 16:38:56,2025-12-29 16:38:56
368,866,42,,enrolled,2025,fall,2025-12-29 16:38:56,2025-12-29 16:38:56
369,861,45,,enrolled,2025,fall,2025-12-29 16:38:56,2025-12-29 16:38:56
370,861,28,,enrolled,2025,fall,2025-12-29 16:38:56,2025-12-29 16:38:56
371,1133,50,,enrolled,2025,fall,2025-12-29 16:38:56,2025-12-29 16:38:56
372,1133,60,,enrolled,2025,fall,2025-12-29 16:38:56,2025-12-29 16:38:56
373,962,53,,enrolled,2025,fall,2025-12-29 16:38:56,2025-12-29 16:38:56
374,962,54,,enrolled,2025,fall,2025-12-29 16:38:56,2025-12-29 16:38:56
375,962,46,,enrolled,2025,fall,2025-12-29 16:38:56,2025-12-29 16:38:56
376,863,65,,enrolled,2025,fall,2025-12-29 16:38:56,2025-12-29 16:38:56
377,863,42,,enrolled,2025,fall,2025-12-29 16:38:56,2025-12-29 16:38:56
378,890,68,,enrolled,2025,fall,2025-12-29 16:38:56,2025-12-29 16:38:56
379,890,60,,enrolled,2025,fall,2025-12-29 16:38:56,2025-12-29 16:38:56
380,884,1,,enrolled,2025,fall,2025-12-29 16:38:56,2025-12-29 16:38:56
381,884,6,,enrolled,2025,fall,2025-12-29 16:38:56,2025-12-29 16:38:56
382,884,7,,enrolled,2025,fall,2025-12-29 16:38:56,2025-12-29 16:38:56
383,901,1,,enrolled,2025,fall,2025-12-29 16:38:56,2025-12-29 16:38:56
384,901,6,,enrolled,2025,fall,2025-12-29 16:38:56,2025-12-29 16:38:56
385,901,7,,enrolled,2025,fall,2025-12-29 16:38:56,2025-12-29 16:38:56
386,903,1,,enrolled,2025,fall,2025-12-29 16:38:56,2025-12-29 16:38:56
387,903,6,,enrolled,2025,fall,2025-12-29 16:38:56,2025-12-29 16:38:56
388,903,7,,enrolled,2025,fall,2025-12-29 16:38:56,2025-12-29 16:38:56
389,905,1,,enrolled,2025,fall,2025-12-29 16:38:56,2025-12-29 16:38:56
390,905,6,,enrolled,2025,fall,2025-12-29 16:38:56,2025-12-29 16:38:56
391,905,7,,enrolled,2025,fall,2025-12-29 16:38:56,2025-12-29 16:38:56
392,918,1,,enrolled,2025,fall,2025-12-29 16:38:56,2025-12-29 16:38:56
393,918,6,,enrolled,2025,fall,2025-12-29 16:38:56,2025-12-29 16:38:56
394,918,7,,enrolled,2025,fall,2025-12-29 16:38:56,2025-12-29 16:38:56
395,909,1,,enrolled,2025,fall,2025-12-29 16:38:56,2025-12-29 16:38:56
396,909,6,,enrolled,2025,fall,2025-12-29 16:38:56,2025-12-29 16:38:56
397,909,7,,enrolled,2025,fall,2025-12-29 16:38:56,2025-12-29 16:38:56
398,895,1,,enrolled,2025,fall,2025-12-29 16:38:56,2025-12-29 16:38:56
399,895,6,,enrolled,2025,fall,2025-12-29 16:38:56,2025-12-29 16:38:56
400,895,7,,enrolled,2025,fall,2025-12-29 16:38:56,2025-12-29 16:38:56
401,915,1,,enrolled,2025,fall,2025-12-29 16:38:56,2025-12-29 16:38:56
402,915,6,,enrolled,2025,fall,2025-12-29 16:38:56,2025-12-29 16:38:56
403,915,7,,enrolled,2025,fall,2025-12-29 16:38:56,2025-12-29 16:38:56
404,912,1,,enrolled,2025,fall,2025-12-29 16:38:56,2025-12-29 16:38:56
405,912,6,,enrolled,2025,fall,2025-12-29 16:38:56,2025-12-29 16:38:56
406,912,7,,enrolled,2025,fall,2025-12-29 16:38:56,2025-12-29 16:38:56
407,919,1,,enrolled,2025,fall,2025-12-29 16:38:56,2025-12-29 16:38:56
408,919,6,,enrolled,2025,fall,2025-12-29 16:38:56,2025-12-29 16:38:56
409,919,7,,enrolled,2025,fall,2025-12-29 16:38:56,2025-12-29 16:38:56
410,911,1,,enrolled,2025,fall,2025-12-29 16:38:56,2025-12-29 16:38:56
411,911,6,,enrolled,2025,fall,2025-12-29 16:38:56,2025-12-29 16:38:56
412,911,7,,enrolled,2025,fall,2025-12-29 16:38:56,2025-12-29 16:38:56
413,902,1,,enrolled,2025,fall,2025-12-29 16:38:56,2025-12-29 16:38:56
414,902,6,,enrolled,2025,fall,2025-12-29 16:38:56,2025-12-29 16:38:56
415,902,7,,enrolled,2025,fall,2025-12-29 16:38:56,2025-12-29 16:38:56
416,913,1,,enrolled,2025,fall,2025-12-29 16:38:56,2025-12-29 16:38:56
417,913,6,,enrolled,2025,fall,2025-12-29 16:38:56,2025-12-29 16:38:56
418,913,7,,enrolled,2025,fall,2025-12-29 16:38:56,2025-12-29 16:38:56
419,900,1,,enrolled,2025,fall,2025-12-29 16:38:56,2025-12-29 16:38:56
420,900,6,,enrolled,2025,fall,2025-12-29 16:38:56,2025-12-29 16:38:56
421,900,7,,enrolled,2025,fall,2025-12-29 16:38:56,2025-12-29 16:38:56
422,917,1,,enrolled,2025,fall,2025-12-29 16:38:56,2025-12-29 16:38:56
423,917,6,,enrolled,2025,fall,2025-12-29 16:38:56,2025-12-29 16:38:56
424,917,7,,enrolled,2025,fall,2025-12-29 16:38:56,2025-12-29 16:38:56
425,916,1,,enrolled,2025,fall,2025-12-29 16:38:56,2025-12-29 16:38:56
426,916,6,,enrolled,2025,fall,2025-12-29 16:38:56,2025-12-29 16:38:56
427,916,7,,enrolled,2025,fall,2025-12-29 16:38:56,2025-12-29 16:38:56
428,907,1,,enrolled,2025,fall,2025-12-29 16:38:56,2025-12-29 16:38:56
429,907,6,,enrolled,2025,fall,2025-12-29 16:38:56,2025-12-29 16:38:56
430,907,7,,enrolled,2025,fall,2025-12-29 16:38:56,2025-12-29 16:38:56
431,914,1,,enrolled,2025,fall,2025-12-29 16:38:56,2025-12-29 16:38:56
432,914,6,,enrolled,2025,fall,2025-12-29 16:38:56,2025-12-29 16:38:56
433,914,7,,enrolled,2025,fall,2025-12-29 16:38:56,2025-12-29 16:38:56
434,904,1,,enrolled,2025,fall,2025-12-29 16:38:56,2025-12-29 16:38:56
435,904,6,,enrolled,2025,fall,2025-12-29 16:38:56,2025-12-29 16:38:56
436,904,7,,enrolled,2025,fall,2025-12-29 16:38:56,2025-12-29 16:38:56
437,920,1,,enrolled,2025,fall,2025-12-29 16:38:56,2025-12-29 16:38:56
438,920,6,,enrolled,2025,fall,2025-12-29 16:38:56,2025-12-29 16:38:56
439,920,7,,enrolled,2025,fall,2025-12-29 16:38:56,2025-12-29 16:38:56
440,906,1,,enrolled,2025,fall,2025-12-29 16:38:56,2025-12-29 16:38:56
441,906,6,,enrolled,2025,fall,2025-12-29 16:38:56,2025-12-29 16:38:56
442,906,7,,enrolled,2025,fall,2025-12-29 16:38:56,2025-12-29 16:38:56
443,1104,8,,enrolled,2025,fall,2025-12-29 16:38:56,2025-12-29 16:38:56
444,1104,9,,enrolled,2025,fall,2025-12-29 16:38:56,2025-12-29 16:38:56
445,1104,10,,enrolled,2025,fall,2025-12-29 16:38:56,2025-12-29 16:38:56
446,933,8,,enrolled,2025,fall,2025-12-29 16:38:56,2025-12-29 16:38:56
447,933,9,,enrolled,2025,fall,2025-12-29 16:38:56,2025-12-29 16:38:56
448,933,10,,enrolled,2025,fall,2025-12-29 16:38:56,2025-12-29 16:38:56
449,929,8,,enrolled,2025,fall,2025-12-29 16:38:56,2025-12-29 16:38:56
450,929,9,,enrolled,2025,fall,2025-12-29 16:38:56,2025-12-29 16:38:56
451,929,10,,enrolled,2025,fall,2025-12-29 16:38:56,2025-12-29 16:38:56
452,878,8,,enrolled,2025,fall,2025-12-29 16:38:56,2025-12-29 16:38:56
453,878,9,,enrolled,2025,fall,2025-12-29 16:38:56,2025-12-29 16:38:56
454,878,10,,enrolled,2025,fall,2025-12-29 16:38:56,2025-12-29 16:38:56
455,926,8,,enrolled,2025,fall,2025-12-29 16:38:56,2025-12-29 16:38:56
456,926,9,,enrolled,2025,fall,2025-12-29 16:38:56,2025-12-29 16:38:56
457,926,10,,enrolled,2025,fall,2025-12-29 16:38:56,2025-12-29 16:38:56
458,931,8,,enrolled,2025,fall,2025-12-29 16:38:56,2025-12-29 16:38:56
459,931,9,,enrolled,2025,fall,2025-12-29 16:38:56,2025-12-29 16:38:56
460,931,10,,enrolled,2025,fall,2025-12-29 16:38:56,2025-12-29 16:38:56
461,932,8,,enrolled,2025,fall,2025-12-29 16:38:56,2025-12-29 16:38:56
462,932,9,,enrolled,2025,fall,2025-12-29 16:38:56,2025-12-29 16:38:56
463,932,10,,enrolled,2025,fall,2025-12-29 16:38:56,2025-12-29 16:38:56
464,921,8,,enrolled,2025,fall,2025-12-29 16:38:56,2025-12-29 16:38:56
465,921,9,,enrolled,2025,fall,2025-12-29 16:38:56,2025-12-29 16:38:56
466,921,10,,enrolled,2025,fall,2025-12-29 16:38:56,2025-12-29 16:38:56
467,922,8,,enrolled,2025,fall,2025-12-29 16:38:56,2025-12-29 16:38:56
468,922,9,,enrolled,2025,fall,2025-12-29 16:38:56,2025-12-29 16:38:56
469,922,10,,enrolled,2025,fall,2025-12-29 16:38:56,2025-12-29 16:38:56
470,882,8,,enrolled,2025,fall,2025-12-29 16:38:56,2025-12-29 16:38:56
471,882,9,,enrolled,2025,fall,2025-12-29 16:38:56,2025-12-29 16:38:56
472,882,10,,enrolled,2025,fall,2025-12-29 16:38:56,2025-12-29 16:38:56
473,930,8,,enrolled,2025,fall,2025-12-29 16:38:56,2025-12-29 16:38:56
474,930,9,,enrolled,2025,fall,2025-12-29 16:38:56,2025-12-29 16:38:56
475,930,10,,enrolled,2025,fall,2025-12-29 16:38:56,2025-12-29 16:38:56
476,934,8,,enrolled,2025,fall,2025-12-29 16:38:56,2025-12-29 16:38:56
477,934,9,,enrolled,2025,fall,2025-12-29 16:38:56,2025-12-29 16:38:56
478,934,10,,enrolled,2025,fall,2025-12-29 16:38:56,2025-12-29 16:38:56
479,860,8,,enrolled,2025,fall,2025-12-29 16:38:56,2025-12-29 16:38:56
480,860,9,,enrolled,2025,fall,2025-12-29 16:38:56,2025-12-29 16:38:56
481,860,10,,enrolled,2025,fall,2025-12-29 16:38:56,2025-12-29 16:38:56
482,923,8,,enrolled,2025,fall,2025-12-29 16:38:56,2025-12-29 16:38:56
483,923,9,,enrolled,2025,fall,2025-12-29 16:38:56,2025-12-29 16:38:56
484,923,10,,enrolled,2025,fall,2025-12-29 16:38:56,2025-12-29 16:38:56
485,924,8,,enrolled,2025,fall,2025-12-29 16:38:56,2025-12-29 16:38:56
486,924,9,,enrolled,2025,fall,2025-12-29 16:38:56,2025-12-29 16:38:56
487,924,10,,enrolled,2025,fall,2025-12-29 16:38:56,2025-12-29 16:38:56
488,1087,44,,enrolled,2025,fall,2025-12-29 16:38:56,2025-12-29 16:38:56
489,1099,44,,enrolled,2025,fall,2025-12-29 16:38:56,2025-12-29 16:38:56
490,1136,50,,enrolled,2025,fall,2025-12-29 17:09:59,2025-12-29 17:10:08
491,1136,60,,enrolled,2025,fall,2025-12-29 17:10:03,2025-12-29 17:10:08
492,1134,59,,enrolled,2025,fall,2025-12-29 17:10:40,2025-12-29 17:10:53
493,1134,51,,enrolled,2025,fall,2025-12-29 17:10:45,2025-12-29 17:10:53
494,1135,21,,enrolled,2025,fall,2025-12-29 17:11:19,2025-12-29 17:11:34
495,1135,45,,enrolled,2025,fall,2025-12-29 17:11:23,2025-12-29 17:11:34
496,1135,40,,enrolled,2025,fall,2025-12-29 17:11:32,2025-12-29 17:11:34
503,1008,47,,enrolled,2025,fall,2025-12-30 01:58:38,2025-12-30 01:59:20
504,1008,35,,enrolled,2025,fall,2025-12-30 01:59:07,2025-12-30 01:59:20
505,1008,18,,enrolled,2025,fall,2025-12-30 01:59:16,2025-12-30 01:59:20
512,891,32,,draft,2025,fall,2025-12-30 03:58:19,2025-12-30 03:58:19
514,958,21,,enrolled,2025,fall,2025-12-30 04:00:16,2025-12-30 04:00:30
515,1137,153,,enrolled,2026,spring,2025-12-30 04:16:14,2025-12-30 04:16:18
516,1137,152,,enrolled,2026,spring,2025-12-30 04:16:14,2025-12-30 04:16:18
518,1137,172,,enrolled,2026,spring,2025-12-30 17:30:02,2025-12-30 17:30:07
